{"cameraMode":{"drawMode":0,"name":"Shaded","section":"Shading Mode"},"sceneLighting":true,"audioPlay":false,"sceneViewState":{"m_AlwaysRefresh":false,"showFog":true,"showSkybox":true,"showFlares":true,"showImageEffects":true,"showParticleSystems":true,"showVisualEffectGraphs":true,"m_FxEnabled":true},"in2DMode":false,"pivot":{"x":-2.8732120990753176,"y":6.240127086639404,"z":-9.257528305053711},"rotation":{"x":-0.09655887633562088,"y":-0.6412959098815918,"z":0.08182050287723541,"w":-0.7568849921226502},"size":0.02707052230834961,"orthographic":false}